-- phpMyAdmin SQL Dump
-- version 4.6.6deb5
-- https://www.phpmyadmin.net/
--
-- Client :  localhost:3306
-- Généré le :  Mar 21 Mai 2019 à 13:48
-- Version du serveur :  5.7.26-0ubuntu0.18.04.1
-- Version de PHP :  7.2.17-0ubuntu0.18.04.1

SET SQL_MODE = "NO_AUTO_VALUE_ON_ZERO";
SET time_zone = "+00:00";


/*!40101 SET @OLD_CHARACTER_SET_CLIENT=@@CHARACTER_SET_CLIENT */;
/*!40101 SET @OLD_CHARACTER_SET_RESULTS=@@CHARACTER_SET_RESULTS */;
/*!40101 SET @OLD_COLLATION_CONNECTION=@@COLLATION_CONNECTION */;
/*!40101 SET NAMES utf8mb4 */;

--
-- Base de données :  `Equida18_G1`
--

--
-- Contenu de la table `acheteur`
--

INSERT INTO `acheteur` (`ach_id`) VALUES
(1),
(5),
(7),
(8),
(9),
(10),
(12);

--
-- Contenu de la table `categvente`
--

INSERT INTO `categvente` (`code`, `libelle`, `archiver`) VALUES
('AUT', 'Vente d\'automne', 0x31),
('ELVG', 'Vente d\'élevage', 0x31),
('ETE', 'Vente d\'été', 0x30),
('XFEV', 'Vente mixte de février', 0x30);

--
-- Contenu de la table `cheval`
--

INSERT INTO `cheval` (`id`, `nom`, `sexe`, `sire`, `pere`, `mere`, `typ_id`, `archiver`, `cli_id`) VALUES
(1, 'Houri', 'M', '0808.185.585Z', NULL, NULL, 5, 0, NULL),
(2, 'Hussa', 'F', '0808.542.250Z', NULL, NULL, 5, 0, NULL),
(3, 'Valdack', 'M', '0808.158.285Z', 1, 2, 5, 0, NULL),
(4, 'Trais d\'or', 'M', '0808.000.554Z', 1, 2, 6, 0, NULL),
(5, 'Herricka', 'F', '0808.201.855Z', 1, 2, 5, 0, NULL),
(6, 'Nuage', 'M', '0808.980.128Z', 1, 2, 6, 0, NULL),
(7, 'Desperado', 'M', '0808.180.529Z', 1, 2, 6, 0, NULL),
(18, 'Era	', 'M', '1255.255.386Z', NULL, NULL, 2, 0, 44),
(19, 'Diablo	', 'F', '2164.693.698Z', NULL, NULL, 3, 0, 48),
(20, '	Silver', 'M', '4919.776.307Z', NULL, NULL, 5, 0, 20),
(21, 'Mambo	', 'F', '2649.455.924Z', NULL, NULL, 6, 0, 39),
(22, 'Sana	', 'M', '6163.816.944Z', NULL, NULL, 5, 0, 51),
(23, 'Phoenix	', 'M', '7808.813.923Z', NULL, NULL, 2, 0, 4),
(24, 'Sauvage	', 'M', '1908.522.698Z', NULL, NULL, 3, 0, 48),
(25, 'Bisou	', 'M', '1217.415.769Z', NULL, NULL, 6, 0, 43),
(26, 'Comanche', 'F', '1991.855.530Z', NULL, NULL, 1, 0, 48),
(27, 'Sauvage	', 'M', '3240.943.388Z', NULL, NULL, 3, 0, 8),
(28, 'Titan', 'M', '3720.902.789Z', NULL, NULL, 3, 0, 17),
(29, 'Gaspar', 'F', '2161.660.651Z', NULL, NULL, 5, 0, 41),
(30, 'Diego	', 'M', '1994.667.710Z', NULL, NULL, 5, 0, 39),
(31, 'Flash', 'M', '2899.919.441Z', NULL, NULL, 5, 0, 5),
(32, 'Calypso', 'F', '3163.604.550Z', NULL, NULL, 2, 0, 40),
(33, 'Lorette', 'F', '6006.599.302Z', NULL, NULL, 4, 0, 16),
(34, 'Volcanic	', 'M', '1094.318.243Z', NULL, NULL, 5, 0, 48),
(35, 'Tekila	', 'M', '9547.282.795Z', NULL, NULL, 1, 0, 42),
(36, 'Sauvage	', 'M', '7807.774.753Z', NULL, NULL, 3, 0, 25),
(37, 'Tekila	', 'M', '2155.738.864Z', NULL, NULL, 6, 0, 6),
(38, 'Tom', 'M', '4791.784.698Z', NULL, NULL, 4, 0, 10),
(39, 'Tequila', 'F', '5551.288.232Z', NULL, NULL, 3, 0, 48),
(40, 'Osiris', 'M', '8952.868.162Z', NULL, NULL, 5, 0, 11),
(41, 'Calypso', 'F', '6045.885.832Z', NULL, NULL, 3, 0, 25),
(42, 'Olympe', 'M', '6774.122.214Z', NULL, NULL, 5, 0, 37),
(43, 'Noisette	', 'M', '9313.536.658Z', NULL, NULL, 4, 0, 27),
(44, 'Carambar', 'M', '2790.634.336Z', NULL, NULL, 2, 0, 31),
(45, 'Belle	', 'M', '1847.605.105Z', NULL, NULL, 3, 0, 11),
(46, 'Satin	', 'F', '9959.990.907Z', NULL, NULL, 1, 0, 46),
(47, 'Pepito	', 'M', '4521.361.284Z', NULL, NULL, 1, 0, 12),
(48, 'Winnie', 'M', '8307.307.387Z', NULL, NULL, 5, 0, 19),
(49, 'Olympe', 'F', '1901.800.491Z', NULL, NULL, 2, 0, 35),
(50, 'Voltage	', 'M', '7050.248.702Z', NULL, NULL, 1, 0, 31),
(51, 'Carambar', 'F', '6676.919.814Z', NULL, NULL, 3, 0, 3),
(52, 'Carambar', 'M', '3232.562.331Z', NULL, NULL, 4, 0, 23),
(53, 'Suzanna', 'M', '1284.772.477Z', NULL, NULL, 1, 0, 50),
(54, 'Bisou	', 'F', '3953.296.763Z', NULL, NULL, 3, 0, 29),
(55, 'Pepito	', 'F', '5337.642.393Z', NULL, NULL, 1, 0, 18),
(56, 'Caramel', 'F', '2581.663.290Z', NULL, NULL, 3, 0, 26),
(57, 'Stitch	', 'F', '1684.219.513Z', NULL, NULL, 2, 0, 29),
(58, 'Soleil	', 'M', '2480.444.843Z', NULL, NULL, 3, 0, 16),
(59, 'Tequila', 'F', '6615.335.728Z', NULL, NULL, 5, 0, 40),
(60, 'Olympe', 'F', '1044.332.199Z', NULL, NULL, 2, 0, 22),
(61, 'Diablo	', 'M', '1280.243.678Z', NULL, NULL, 6, 0, 44),
(62, 'Hugo', 'M', '9967.835.168Z', NULL, NULL, 1, 0, 20),
(63, 'Aaron', 'M', '8366.717.954Z', NULL, NULL, 4, 0, 2),
(64, 'Belle	', 'M', '9637.692.203Z', NULL, NULL, 6, 0, 42),
(65, 'Caramel', 'F', '6421.466.924Z', NULL, NULL, 2, 0, 24),
(66, 'Noisette	', 'M', '2458.660.162Z', NULL, NULL, 2, 0, 40),
(67, 'Jerry	', 'M', '4989.436.451Z', NULL, NULL, 4, 0, 35),
(68, 'Mars	', 'M', '4472.625.127Z', NULL, NULL, 4, 0, 9),
(69, 'Kaya	', 'M', '7575.319.824Z', NULL, NULL, 5, 0, 48),
(70, 'Comanche', 'F', '5306.221.616Z', NULL, NULL, 6, 0, 40),
(71, 'Orlando	', 'F', '6098.641.342Z', NULL, NULL, 4, 0, 31),
(72, 'Texas	', 'M', '6869.640.295Z', NULL, NULL, 6, 0, 41),
(73, 'Calypso', 'M', '7726.516.522Z', NULL, NULL, 1, 0, 9),
(74, 'Calypso', 'F', '2879.826.589Z', NULL, NULL, 1, 0, 14),
(75, 'Hugo', 'M', '2241.256.986Z', NULL, NULL, 1, 0, 39),
(76, 'Pepito	', 'M', '4220.629.973Z', NULL, NULL, 5, 0, 38),
(77, 'Elvis	', 'M', '8946.344.172Z', NULL, NULL, 4, 0, 3),
(78, 'Soleil	', 'M', '7603.243.835Z', NULL, NULL, 5, 0, 23),
(79, 'Idylle	', 'M', '2889.107.644Z', NULL, NULL, 4, 0, 48),
(80, 'Twix	', 'M', '8747.398.825Z', NULL, NULL, 6, 0, 25),
(81, 'Spirit', 'M', '3957.128.250Z', NULL, NULL, 5, 0, 42),
(82, 'Elvis	', 'F', '2762.758.265Z', NULL, NULL, 5, 0, 36),
(83, 'Carambar', 'F', '9372.737.594Z', NULL, NULL, 4, 0, 23),
(84, 'Noisette	', 'F', '8530.935.511Z', NULL, NULL, 1, 0, 31),
(85, 'Stitch	', 'M', '5885.396.619Z', NULL, NULL, 1, 0, 49),
(86, 'Aaron', 'M', '8159.443.747Z', NULL, NULL, 5, 0, 1),
(87, 'Belle	', 'M', '8630.540.530Z', NULL, NULL, 4, 0, 23),
(88, 'Spirit', 'F', '2329.980.188Z', NULL, NULL, 4, 0, 4),
(89, 'Ombre	', 'F', '3514.702.219Z', NULL, NULL, 6, 0, 21),
(90, 'Henzo', 'M', '3134.139.701Z', NULL, NULL, 3, 0, 8),
(91, 'Flash', 'F', '2834.113.967Z', NULL, NULL, 5, 0, 16),
(92, 'Carambar', 'M', '8286.957.918Z', NULL, NULL, 1, 0, 45),
(93, 'Inca', 'M', '2928.917.500Z', NULL, NULL, 2, 0, 32),
(94, 'Tequila', 'M', '2165.595.109Z', NULL, NULL, 5, 0, 46),
(95, 'Flambeau', 'F', '8730.478.542Z', NULL, NULL, 1, 0, 24),
(96, 'Henzo', 'M', '3820.859.996Z', NULL, NULL, 3, 0, 17),
(97, 'Sauvage	', 'F', '7999.379.635Z', NULL, NULL, 3, 0, 11),
(98, 'Caramel', 'M', '3763.383.556Z', NULL, NULL, 5, 0, 17),
(99, 'Lorette', 'F', '9308.959.245Z', NULL, NULL, 2, 0, 12),
(100, 'Satin	', 'M', '4814.442.562Z', NULL, NULL, 3, 0, 35),
(101, 'Suzanna', 'M', '6013.135.325Z', NULL, NULL, 4, 0, 49),
(102, 'Inca', 'F', '8157.442.565Z', NULL, NULL, 4, 0, 31),
(103, 'Sana	', 'M', '6215.277.252Z', NULL, NULL, 5, 0, 10),
(104, 'Mambo	', 'M', '5514.268.641Z', NULL, NULL, 2, 0, 50),
(105, 'Sana	', 'M', '7006.408.410Z', NULL, NULL, 3, 0, 1),
(106, 'Jack	', 'M', '7047.542.152Z', NULL, NULL, 2, 0, 12),
(107, 'Pepito	', 'F', '3298.636.845Z', NULL, NULL, 2, 0, 33),
(108, 'Dior', 'F', '1741.674.310Z', NULL, NULL, 2, 0, 42),
(109, 'Olympe', 'F', '2306.155.825Z', NULL, NULL, 5, 0, 17),
(110, 'Remy	', 'F', '9044.662.742Z', NULL, NULL, 4, 0, 18),
(111, 'Comanche', 'F', '6142.627.216Z', NULL, NULL, 3, 0, 31),
(112, 'Texas	', 'F', '5619.108.229Z', NULL, NULL, 5, 0, 10),
(113, 'Voltage	', 'F', '6362.316.514Z', NULL, NULL, 3, 0, 10),
(114, 'Coco	', 'M', '2496.535.621Z', NULL, NULL, 6, 0, 43),
(115, 'Spirit', 'F', '4319.462.133Z', NULL, NULL, 1, 0, 23),
(116, 'Satine	', 'F', '1622.611.992Z', NULL, NULL, 1, 0, 7),
(117, 'Starlight	', 'F', '2319.502.150Z', NULL, NULL, 5, 0, 42),
(118, 'Ombre	', 'M', '5315.423.444Z', NULL, NULL, 3, 0, 48),
(119, 'LOUET', 'M', '1234564', NULL, NULL, 4, 1, 54),
(120, 'sefsefse', 'M', 'sefsefsef', NULL, NULL, 4, 0, 54);

--
-- Contenu de la table `client`
--

INSERT INTO `client` (`id`, `nom`, `prenom`, `rue`, `copos`, `ville`, `mail`, `codePays`, `titre`) VALUES
(1, 'Deltour', 'Charles', '4 rue du Pont', '14680', 'Bretteville Sur Laize', 'cdeltour@hotmail.com', 'FRA', NULL),
(2, 'Fime', 'Nadia', '5 rue du Montparnasse', '14220', 'Boulon', '', 'ENG', NULL),
(3, 'Ertau', 'Frank', '4 Avenue du président Wilson', '14190', 'Urville', 'frank.ertau@laposte.net', 'FRA', NULL),
(4, 'Maneur', 'David', '6 rue Charles Péguy', '14220', 'Mutrécy', '', 'FRA', NULL),
(5, 'Berezovski', 'Sylvie', '18 rue du Château', '14680', 'Barbery', '', 'FRA', NULL),
(6, 'Finley', 'Pascale', '25 rue de Tolbiac', '14680', 'Caillouet', 'pascfinley@yahoo.fr', 'FRA', NULL),
(7, 'Vofur', 'Hector', '18 rue Deparcieux', '14190', 'Cauvicourt', 'hvofur@free.fr', 'ENG', NULL),
(8, 'Derzou', 'Fred', '230 avenue de la libert', '14220', 'Espins', 'ouzala@aol.com', 'FRA', NULL),
(9, 'Serty', 'Julie', '23 rue du Calvaire', '14220', 'Fresney le Vieux', '', 'FRA', NULL),
(10, 'Vofur', 'Victor', '18 rue Deparcieux', '14680', 'Bretteville Sur Laize', 'victor.vofur@laposte.net', 'FRA', NULL),
(11, 'Calende', 'Hugo', '22 rue des jardins', '14680', 'Bretteville Sur Laize', '', 'FRA', NULL),
(12, 'Jemba', 'Hubert', '10 rue du 8 mai 1945', '14680', 'Bretteville Sur Laize', 'jaimeba@yahoo.fr', 'FRA', NULL),
(13, 'Morin', 'S?verine', '4 rue du bac', '93000', 'Paris', 'morinsev@hotmail.com', 'FRA', NULL),
(14, 'Benrech', 'Tarek', '79 rue de Caen', '14320', 'May Sur Orne', '', 'FRA', NULL),
(15, 'Nguyen', 'Marc', '53 impasse Tourneur', '14320', 'Fontenay Le Marmion', 'nguyen774@wanadoo.fr', 'FRA', NULL),
(16, 'Louali', 'Karima', '89 avenue Poincar', '14320', 'Saint Martin de Fontenay', 'kloua@caramail.fr', 'FRA', NULL),
(17, 'Paolo', 'Marco', '14 rue du Caire', '14320', 'Fontenay Le Marmion', '', 'FRA', NULL),
(18, 'Map', 'Joanna', '120 boulevard Voltaire', '75012', 'Paris', '', 'FRA', NULL),
(19, 'Kound', 'Fatoumata', '4 Place Carr', '14190', 'Urville', '', 'FRA', NULL),
(20, 'Derissam', 'Bachir', '1 rue des Indes', '14190', 'Urville', '', 'FRA', NULL),
(21, 'Villechalane', 'Louis', '8 rue des Charmes', '14680', 'Bretteville Sur Laize', '', 'FRA', NULL),
(22, 'LOUET', 'SIMON', '176 rue d auge', '14000', 'CAEN', 'simon.louet.98@gmail.com', 'FRA', 'MR'),
(23, 'Bedos', 'Christian', '1 rue Peranud', '14320', 'Fontenay Le Marmion', NULL, 'FRA', 'M.'),
(24, 'Tusseau', 'Louis', '22 rue des Ternes', '14680', 'Bretteville Sur Laize', '', 'FRA', NULL),
(25, 'Bentot', 'Pascal', '11 allée des Cerises', '14220', 'Boulon', '', 'FRA', NULL),
(26, 'Bioret', 'Luc', '1 Avenue gambetta', '14320', 'Fontenay Le Marmion', '', 'FRA', NULL),
(27, 'Bunisset', 'Francis', '10 rue des Perles', '14220', 'Espins', '', 'FRA', NULL),
(28, 'Bunisset', 'Denise', '23 rue Manin', '14320', 'Saint Martin de Fontenay', '', 'FRA', NULL),
(29, 'Cacheux', 'Bernard', '114 rue Blanche', '14320', 'Fontenay Le Marmion', '', 'FRA', NULL),
(30, 'Cadic', 'Eric', '123 avenue de la République', '14680', 'Bretteville Sur Laize', '', 'FRA', NULL),
(31, 'Charoze', 'Catherine', '100 rue Petit', '14220', 'Boulon', '', 'FRA', NULL),
(32, 'Clepkens', 'Christophe', '12 allée des Anges', '14680', 'Bretteville Sur Laize', '', 'FRA', NULL),
(33, 'Cottin', 'Vincenne', '36 rue Des Roches', '14220', 'Boulon', '', 'FRA', NULL),
(34, 'Daburon', 'François', '13 rue de Chanzy', '14220', 'Mutrécy', '', 'FRA', NULL),
(35, 'De', 'Philippe', '13 rue Barthes', '14320', 'Fontenay Le Marmion', '', 'FRA', NULL),
(36, 'Debelle', 'Michel', '181 avenue Barbusse', '14220', 'Espins', '', 'FRA', NULL),
(37, 'Debelle', 'Jeanne', '134 allée des Joncs', '14320', 'Saint Martin de Fontenay', '', 'FRA', NULL),
(38, 'Debroise', 'Michel', '2 Bld Jourdain', '14680', 'Bretteville Sur Laize', '', 'FRA', NULL),
(39, 'Desmarquest', 'Nathalie', '14 Place d Arc', '14220', 'Boulon', '', 'FRA', NULL),
(40, 'Desnost', 'Pierre', '16 avenue des Cèdres', '14220', 'Mutrécy', '', 'FRA', NULL),
(41, 'Dudouit', 'Frédéric', '18 rue de l église', '14320', 'Fontenay Le Marmion', '', 'FRA', NULL),
(42, 'Duncombe', 'Claude', '19 rue de la tour', '14680', 'Bretteville Sur Laize', '', 'FRA', NULL),
(43, 'Enault-Pascreau', 'Céline', '25 place de la gare', '14680', 'Bretteville Sur Laize', '', 'FRA', NULL),
(44, 'Eynde', 'Valérie', '3 Grand Place', '14220', 'Mutrécy', '', 'FRA', NULL),
(45, 'Finck', 'Jacques', '10 avenue du Prado', '14320', 'Fontenay Le Marmion', '', 'FRA', NULL),
(46, 'Frémont', 'Fernande', '4 route de la mer', '14220', 'Espins', '', 'FRA', NULL),
(47, 'Gest', 'Alain', '30 avenue des terres', '14320', 'Saint Martin de Fontenay', '', 'FRA', NULL),
(48, 'Testemale', 'tarek', 'du trek', '14000', 'Tarascon', '', 'FRA', NULL),
(49, 'Trieste', 'Thierry', 'du tertre', '14000', 'Tologne', '', 'FRA', NULL),
(50, 'Bertrand', 'Alexandre', '8 rue des Hortensias', '50000', 'Cherbourg', '', 'FRA', NULL),
(54, 'LOUET', 'SIMON', '176 rue d auge', '14000', 'CAEN', 'simon.louet.98@gmail.com', 'FRA', 'Mlle');

--
-- Contenu de la table `clientcategvente`
--

INSERT INTO `clientcategvente` (`codeClient`, `codeCategVente`) VALUES
(6, 'AUT'),
(29, 'AUT'),
(32, 'AUT'),
(49, 'AUT'),
(1, 'ELVG'),
(1, 'ETE'),
(3, 'ETE'),
(6, 'ETE'),
(7, 'ETE'),
(16, 'ETE'),
(49, 'ETE'),
(50, 'ETE'),
(6, 'XFEV');

--
-- Contenu de la table `compte`
--

INSERT INTO `compte` (`id`, `login`, `mdp`, `role`, `cli_id`) VALUES
(1, 'Admin', '67f3e2e38e0a720b4fe5b5149a68e480', 'ADMIN', 1),
(8, 'Paolo.Marco', '9a21840507c1655396de8a237008d15c', 'CLIENT', 17);

--
-- Contenu de la table `courriel`
--

INSERT INTO `courriel` (`id`, `date`, `objet`, `corps`, `ven_id`) VALUES
(1, '2018-08-04 22:00:00', 'Objet1', 'corps 1', 30917),
(2, '2018-04-05 22:00:00', 'Objet2', 'corps 2', NULL),
(3, '2018-02-07 23:00:00', 'Objet3', 'corps 3', NULL),
(4, '2019-04-24 09:55:06', 'qzdqzd', 'qzdqzd', 30917),
(5, '2019-04-24 09:55:40', 'qzzdqdq', 'qzdqzdqzd', 30917),
(6, '2019-04-24 09:56:02', 'qzzdqdq', 'qzdqzdqzd', 210717),
(7, '2019-04-24 09:57:32', 'sefsefs', 'fsefeesefsef', 90217),
(8, '2019-04-24 10:00:59', 'sefsefs', 'fsefeesefsef', 90217),
(9, '2019-04-24 10:02:00', 'sefsefs', 'fsefeesefsef', 90217),
(10, '2019-04-24 11:36:28', 'zqdqzd', 'qzdqzdqzd', 30917),
(11, '2019-04-24 11:38:14', 'qzdqzd', 'qzdqzdqd', 250217),
(12, '2019-04-24 11:39:43', 'qzdqz', 'qzdqzdqzd', 210817),
(13, '2019-04-24 12:58:17', 'qzdqzdq', 'qzdqzdqzd', 30917),
(14, '2019-04-24 14:03:31', 'qzzdqdq', 'qzdzqdqzdqzd', 90217),
(15, '2019-04-24 14:06:26', 'qzdqzd', 'qzdqzdqzd', 30917),
(16, '2019-05-21 10:46:55', 'qzzdqdq', 'gsrdgdrs', 210817);

--
-- Contenu de la table `course`
--

INSERT INTO `course` (`id`, `nom`, `lieu`, `date`) VALUES
(1234, 'qzdqzdq', 'qqzdqzd', '2019-05-10'),
(1254, 'test', 'test', '2000-12-05');

--
-- Contenu de la table `enchere`
--

INSERT INTO `enchere` (`id`, `lot_id`, `lotvent_id`, `ach_id`, `montant`) VALUES
(1, 1, 30917, 10, 17000),
(2, 1, 30917, 9, 20000),
(3, 2, 210717, 9, 32000),
(4, 2, 210717, 7, 35000);

--
-- Contenu de la table `joindre`
--

INSERT INTO `joindre` (`pie_id`, `cou_id`) VALUES
(1, 1),
(1, 2),
(2, 1),
(2, 2),
(4, 8),
(5, 9),
(6, 10),
(7, 11),
(8, 12),
(9, 13),
(10, 14),
(11, 15),
(12, 15),
(13, 15),
(14, 16);

--
-- Contenu de la table `lieu`
--

INSERT INTO `lieu` (`id`, `ville`, `nbBoxes`, `commentaire`) VALUES
(1, 'Caen', 10, 'Vente d\'automne'),
(2, 'Cherbourg', 15, 'Vente d\'élevage'),
(3, 'Bayeux', 30, 'Vente d\'été'),
(4, 'Paris', 40, ''),
(5, 'Strasbourg', 20, ''),
(6, 'Lyon', 10, ''),
(7, 'Marseille', 14, ''),
(8, 'Dijon', 30, ''),
(9, 'Bordeaux', 16, '');

--
-- Contenu de la table `lot`
--

INSERT INTO `lot` (`id`, `vent_id`, `che_id`, `vend_id`, `archiver`, `prixDepart`) VALUES
(1, 30917, 7, 5, NULL, 15000),
(2, 30917, 4, 15, NULL, 8000),
(3, 210817, 18, 15, NULL, 7759),
(4, 250217, 22, 6, NULL, 6109),
(5, 30917, 34, 5, NULL, 27001),
(6, 30917, 33, 6, NULL, 45459),
(7, 250217, 41, 18, NULL, 46705),
(8, 210717, 54, 16, NULL, 1595),
(9, 250217, 50, 17, NULL, 11998),
(10, 210717, 70, 16, NULL, 37734),
(11, 30917, 41, 18, NULL, 39659),
(12, 210717, 36, 6, NULL, 31096),
(13, 30917, 33, 18, NULL, 11437),
(14, 250217, 100, 17, NULL, 9607),
(15, 210817, 98, 15, NULL, 15129),
(16, 210817, 47, 5, NULL, 18584),
(17, 90217, 40, 6, NULL, 3379),
(18, 210717, 100, 6, NULL, 5606),
(19, 90217, 56, 7, NULL, 10287),
(20, 250217, 90, 18, NULL, 36646),
(21, 210817, 59, 16, NULL, 42372),
(22, 210817, 63, 6, NULL, 36600),
(23, 250217, 104, 15, NULL, 14963),
(24, 90217, 75, 7, NULL, 17637),
(25, 30917, 32, 18, NULL, 2150),
(26, 250217, 80, 5, NULL, 25525),
(27, 250217, 76, 7, NULL, 29113),
(28, 30917, 91, 7, NULL, 7961),
(29, 210717, 76, 7, NULL, 7813),
(30, 210817, 53, 7, NULL, 23079),
(31, 210817, 98, 15, NULL, 11332),
(32, 90217, 21, 6, NULL, 12119),
(33, 30917, 73, 5, NULL, 47584),
(34, 210717, 53, 5, NULL, 36707),
(35, 210817, 108, 17, NULL, 46557),
(36, 250217, 55, 16, NULL, 8603),
(37, 30917, 106, 17, NULL, 31847),
(38, 30917, 49, 5, NULL, 930),
(39, 30917, 66, 5, NULL, 16509),
(40, 210817, 105, 16, NULL, 24300),
(41, 210817, 58, 17, NULL, 16589),
(42, 250217, 21, 7, NULL, 32392),
(43, 30917, 34, 7, NULL, 2792),
(44, 250217, 64, 15, NULL, 11714),
(45, 30917, 56, 7, NULL, 41788),
(46, 30917, 41, 6, NULL, 42324),
(47, 250217, 21, 5, NULL, 2376),
(48, 210817, 45, 7, NULL, 41600),
(49, 210717, 39, 15, NULL, 1875),
(50, 210717, 99, 7, NULL, 44976),
(51, 30917, 60, 16, NULL, 39031),
(52, 90217, 67, 7, NULL, 20091),
(53, 210817, 93, 18, NULL, 543),
(54, 210717, 40, 5, NULL, 44211),
(55, 210817, 87, 7, NULL, 34201),
(56, 250217, 61, 16, NULL, 18753),
(57, 210717, 101, 5, NULL, 23904),
(58, 250217, 46, 18, NULL, 3881),
(59, 30917, 45, 6, NULL, 20534),
(60, 250217, 76, 18, NULL, 1250),
(61, 90217, 33, 17, NULL, 17574),
(62, 210717, 96, 15, NULL, 47710),
(63, 90217, 19, 5, NULL, 46238),
(64, 30917, 35, 15, NULL, 12569),
(65, 90217, 55, 17, NULL, 17888),
(66, 30917, 33, 18, NULL, 22293),
(67, 210717, 71, 6, NULL, 10644),
(68, 210717, 75, 18, NULL, 17536),
(69, 210717, 105, 7, NULL, 41012),
(70, 250217, 48, 15, NULL, 22445),
(71, 250217, 84, 5, NULL, 49235),
(72, 210717, 38, 17, NULL, 27167),
(73, 30917, 37, 6, NULL, 46182),
(74, 30917, 19, 5, NULL, 4452),
(75, 30917, 26, 17, NULL, 27618),
(76, 90217, 47, 15, NULL, 18054),
(77, 30917, 75, 5, NULL, 47636),
(78, 210817, 82, 5, NULL, 24710),
(79, 90217, 88, 17, NULL, 20815),
(80, 30917, 23, 5, NULL, 4750),
(81, 210817, 41, 18, NULL, 5535),
(82, 250217, 49, 16, NULL, 1537),
(83, 90217, 20, 6, NULL, 15570),
(84, 90217, 90, 16, NULL, 12802),
(85, 30917, 54, 18, NULL, 555),
(86, 30917, 79, 15, NULL, 47346),
(87, 90217, 106, 6, NULL, 46464),
(88, 210717, 62, 17, NULL, 5112),
(89, 30917, 106, 18, NULL, 24084),
(90, 210717, 62, 17, NULL, 22570),
(91, 90217, 89, 7, NULL, 31445),
(92, 210817, 31, 18, NULL, 29202),
(93, 250217, 59, 16, NULL, 33943),
(94, 210717, 65, 16, NULL, 11289),
(95, 250217, 44, 18, NULL, 48960),
(96, 250217, 48, 5, NULL, 36174),
(97, 30917, 80, 18, NULL, 6034),
(98, 90217, 99, 17, NULL, 15947),
(99, 210817, 83, 15, NULL, 39942),
(100, 210717, 73, 15, NULL, 29966),
(101, 90217, 106, 18, NULL, 18539),
(102, 30917, 23, 17, NULL, 44967),
(103, 250217, 99, 5, NULL, 47499);

--
-- Contenu de la table `pays`
--

INSERT INTO `pays` (`code`, `nom`, `archiver`) VALUES
('546', 'grdggrdgrrdgdrgdr', 0),
('ABW', 'Aruba', 1),
('AFG', 'Afghanistan', 0),
('AGO', 'Angola', 0),
('AIA', 'Anguilla', 0),
('ALA', 'Îles Åland', 0),
('ALB', 'Albanie', 0),
('AND', 'Andorre', 0),
('ANT', 'Antilles Néerlandaises', 0),
('ARE', 'Émirats Arabes Unis', 0),
('ARG', 'Argentine', 0),
('ARM', 'Arménie', 0),
('ASM', 'Samoa Américaines', 0),
('ATA', 'Antarctique', 0),
('ATF', 'Terres Australes Françaises', 0),
('ATG', 'Antigua-et-Barbuda', 0),
('AUS', 'Australie', 0),
('AUT', 'Autriche', 0),
('AZE', 'Azerbaïdjan', 0),
('BDI', 'Burundi', 0),
('BEL', 'Belgique', 0),
('BEN', 'Bénin', 0),
('BFA', 'Burkina Faso', 0),
('BGD', 'Bangladesh', 0),
('BGR', 'Bulgarie', 0),
('BHR', 'Bahreïn', 0),
('BHS', 'Bahamas', 0),
('BIH', 'Bosnie-Herzégovine', 0),
('BLR', 'Bélarus', 0),
('BLZ', 'Belize', 0),
('BMU', 'Bermudes', 0),
('BOL', 'Bolivie', 0),
('BRA', 'Brésil', 0),
('BRB', 'Barbade', 0),
('BRN', 'Brunéi Darussalam', 0),
('BTN', 'Bhoutan', 0),
('BVT', 'Île Bouvet', 0),
('BWA', 'Botswana', 0),
('CAF', 'République Centrafricaine', 0),
('CAN', 'Canada', 0),
('CCK', 'Îles Cocos (Keeling)', 0),
('CHE', 'Suisse', 0),
('CHL', 'Chili', 0),
('CHN', 'Chine', 0),
('CIV', 'Côte d\'Ivoire', 0),
('CMR', 'Cameroun', 0),
('COD', 'République Démocratique du Congo', 0),
('COG', 'République du Congo', 0),
('COK', 'Îles Cook', 0),
('COL', 'Colombie', 0),
('COM', 'Comores', 0),
('CPV', 'Cap-vert', 0),
('CRI', 'Costa Rica', 0),
('CUB', 'Cuba', 0),
('CXR', 'Île Christmas', 0),
('CYM', 'Îles Caïmanes', 0),
('CYP', 'Chypre', 0),
('CZE', 'République Tchèque', 0),
('DEU', 'Allemagne', 0),
('DJI', 'Djibouti', 0),
('DMA', 'Dominique', 0),
('DNK', 'Danemark', 0),
('DOM', 'République Dominicaine', 0),
('DZA', 'Algérie', 0),
('ECU', 'Équateur', 0),
('EGY', 'Égypte', 0),
('ENG', 'Angleterre', 0),
('ERI', 'Érythrée', 0),
('ESH', 'Sahara Occidental', 0),
('ESP', 'Espagne', 0),
('EST', 'Estonie', 0),
('ETH', 'Éthiopie', 0),
('FIN', 'Finlande', 0),
('FJI', 'Fidji', 0),
('FLK', 'Îles (malvinas) Falkland', 0),
('FRA', 'France', 0),
('FRO', 'Îles Féroé', 0),
('FSM', 'États Fédérés de Micronésie', 0),
('GAB', 'Gabon', 0),
('GEO', 'Géorgie', 0),
('GHA', 'Ghana', 0),
('GIB', 'Gibraltar', 0),
('GIN', 'Guinée', 0),
('GLP', 'Guadeloupe', 0),
('GMB', 'Gambie', 0),
('GNB', 'Guinée-Bissau', 0),
('GNQ', 'Guinée Équatoriale', 0),
('GRC', 'Grèce', 0),
('GRD', 'Grenade', 0),
('GRL', 'Groenland', 0),
('GTM', 'Guatemala', 0),
('GUF', 'Guyane Française', 0),
('GUM', 'Guam', 0),
('GUY', 'Guyana', 0),
('HKG', 'Hong-Kong', 0),
('HMD', 'Îles Heard et Mcdonald', 0),
('HND', 'Honduras', 0),
('HRV', 'Croatie', 0),
('HTI', 'Haïti', 0),
('HUN', 'Hongrie', 0),
('IDN', 'Indonésie', 0),
('IMN', 'Île de Man', 0),
('IND', 'Inde', 0),
('IOT', 'Territoire Britannique de l\'Océan Indien', 0),
('IRL', 'Irlande', 0),
('IRN', 'République Islamique d\'Iran', 0),
('IRQ', 'Iraq', 0),
('ISL', 'Islande', 0),
('ISR', 'Israël', 0),
('ITA', 'Italie', 0),
('JAM', 'Jamaïque', 0),
('JOR', 'Jordanie', 0),
('JPN', 'Japon', 0),
('KAZ', 'Kazakhstan', 0),
('KEN', 'Kenya', 0),
('KGZ', 'Kirghizistan', 0),
('KHM', 'Cambodge', 0),
('KIR', 'Kiribati', 0),
('KNA', 'Saint-Kitts-et-Nevis', 0),
('KOR', 'République de Corée', 0),
('KWT', 'Koweït', 0),
('LAO', 'République Démocratique Populaire Lao', 0),
('LBN', 'Liban', 0),
('LBR', 'Libéria', 0),
('LBY', 'Jamahiriya Arabe Libyenne', 0),
('LCA', 'Sainte-Lucie', 0),
('LIE', 'Liechtenstein', 0),
('LKA', 'Sri Lanka', 0),
('LSO', 'Lesotho', 0),
('LTU', 'Lituanie', 0),
('LUX', 'Luxembourg', 0),
('LVA', 'Lettonie', 0),
('MAC', 'Macao', 0),
('MAR', 'Maroc', 0),
('MCO', 'Monaco', 0),
('MDA', 'République de Moldova', 0),
('MDG', 'Madagascar', 0),
('MDV', 'Maldives', 0),
('MEX', 'Mexique', 0),
('MHL', 'Îles Marshall', 0),
('MKD', 'L\'ex-République Yougoslave de Macédoine', 0),
('MLI', 'Mali', 0),
('MLT', 'Malte', 0),
('MMR', 'Myanmar', 0),
('MNG', 'Mongolie', 0),
('MNP', 'Îles Mariannes du Nord', 0),
('MOZ', 'Mozambique', 0),
('MRT', 'Mauritanie', 0),
('MSR', 'Montserrat', 0),
('MTQ', 'Martinique', 0),
('MUS', 'Maurice', 0),
('MWI', 'Malawi', 0),
('MYS', 'Malaisie', 0),
('MYT', 'Mayotte', 0),
('NAM', 'Namibie', 0),
('NCL', 'Nouvelle-Calédonie', 0),
('NER', 'Niger', 0),
('NFK', 'Île Norfolk', 0),
('NGA', 'Nigéria', 0),
('NIC', 'Nicaragua', 0),
('NIU', 'Niué', 0),
('NLD', 'Pays-Bas', 0),
('NOR', 'Norvège', 0),
('NPL', 'Népal', 0),
('NRU', 'Nauru', 0),
('NZL', 'Nouvelle-Zélande', 0),
('OMN', 'Oman', 0),
('PAK', 'Pakistan', 0),
('PAN', 'Panama', 0),
('PCN', 'Pitcairn', 0),
('PER', 'Pérou', 0),
('PHL', 'Philippines', 0),
('PLW', 'Palaos', 0),
('PNG', 'Papouasie-Nouvelle-Guinée', 0),
('POL', 'Pologne', 0),
('PRI', 'Porto Rico', 0),
('PRK', 'République Populaire Démocratique de Corée', 0),
('PRT', 'Portugal', 0),
('PRY', 'Paraguay', 0),
('PSE', 'Territoire Palestinien Occupé', 0),
('PYF', 'Polynésie Française', 0),
('QAT', 'Qatar', 0),
('REU', 'Réunion', 0),
('ROU', 'Roumanie', 0),
('RUS', 'Fédération de Russie', 0),
('RWA', 'Rwanda', 0),
('SAU', 'Arabie Saoudite', 0),
('SCG', 'Serbie-et-Monténégro', 0),
('SDN', 'Soudan', 0),
('SEN', 'Sénégal', 0),
('SGP', 'Singapour', 0),
('SGS', 'Géorgie du Sud et les Îles Sandwich du Sud', 0),
('SHN', 'Sainte-Hélène', 0),
('SJM', 'Svalbard etÎle Jan Mayen', 0),
('SLB', 'Îles Salomon', 0),
('SLE', 'Sierra Leone', 0),
('SLV', 'El Salvador', 0),
('SMR', 'Saint-Marin', 0),
('SOM', 'Somalie', 0),
('SPM', 'Saint-Pierre-et-Miquelon', 0),
('STP', 'Sao Tomé-et-Principe', 0),
('SUR', 'Suriname', 0),
('SVK', 'Slovaquie', 0),
('SVN', 'Slovénie', 0),
('SWE', 'Suède', 0),
('SWZ', 'Swaziland', 0),
('SYC', 'Seychelles', 0),
('SYR', 'République Arabe Syrienne', 0),
('TCA', 'Îles Turks et Caïques', 0),
('TCD', 'Tchad', 0),
('TGO', 'Togo', 0),
('THA', 'Thaïlande', 0),
('TJK', 'Tadjikistan', 0),
('TKL', 'Tokelau', 0),
('TKM', 'Turkménistan', 0),
('TLS', 'Timor-Leste', 0),
('TON', 'Tonga', 0),
('TTO', 'Trinité-et-Tobago', 0),
('TUN', 'Tunisie', 0),
('TUR', 'Turquie', 0),
('TUV', 'Tuvalu', 0),
('TWN', 'Taïwan', 0),
('TZA', 'République-Unie de Tanzanie', 0),
('UGA', 'Ouganda', 0),
('UKR', 'Ukraine', 0),
('UMI', 'Îles Mineures Éloignées des États-Unis', 0),
('URY', 'Uruguay', 0),
('USA', 'États-Unis', 0),
('UZB', 'Ouzbékistan', 0),
('VAT', 'Saint-Siège (état de la Cité du Vatican)', 0),
('VCT', 'Saint-Vincent-et-les Grenadines', 0),
('VEN', 'Venezuela', 0),
('VGB', 'Îles Vierges Britanniques', 0),
('VIR', 'Îles Vierges des États-Unis', 0),
('VNM', 'Viet Nam', 0),
('VUT', 'Vanuatu', 0),
('WLF', 'Wallis et Futuna', 0),
('WSM', 'Samoa', 0),
('YEM', 'Yémen', 0),
('ZAF', 'Afrique du Sud', 0),
('ZMB', 'Zambie', 0),
('ZWE', 'Zimbabwe', 0);

--
-- Contenu de la table `piecejointe`
--

INSERT INTO `piecejointe` (`id`, `chemin`, `description`) VALUES
(1, 'image/image.png', 'une image'),
(2, 'document/text.txt', 'un text'),
(3, 'document/fichier.pdf', 'un pdf'),
(4, '', ''),
(5, '', ''),
(6, '', ''),
(7, '10.jpg', ''),
(8, '2.jpg', ''),
(9, '', ''),
(10, '', ''),
(11, '1.jpg', ''),
(12, '2.jpg', ''),
(13, '3.jpg', ''),
(14, 'EquidaWeb18.war', '');

--
-- Contenu de la table `typecheval`
--

INSERT INTO `typecheval` (`id`, `libelle`, `description`) VALUES
(1, 'cheval à l\'entraînement', 'pur-sang arabe de plus de deux ans ayant déjà participé à des courses'),
(2, 'étalon', 'cheval dédié à la reproduction'),
(3, 'Inédit', 'pur-sang anglais de deux ans n’ayant pas encore participé à une course mais déjà travaillé sur le plan de la condition physique'),
(4, 'poulinière', 'jument dédiée à la reproduction'),
(5, 'pur-sang anglais', 'pur-sang anglais'),
(6, 'Yearling', 'pur-sang anglais âgé d’un an');

--
-- Contenu de la table `vendeur`
--

INSERT INTO `vendeur` (`ven_id`) VALUES
(5),
(6),
(7),
(15),
(16),
(17),
(18);

--
-- Contenu de la table `vente`
--

INSERT INTO `vente` (`id`, `nom`, `dateDebut`, `codeCategVente`, `lie_id`, `dateFinVente`, `dateDebutInscrip`, `archiver`) VALUES
(30917, 'Garibaldi Princes', '2019-08-08', 'ETE', 7, '2019-08-08', '2019-08-08', 0),
(90217, 'Mixing brain', '2017-09-02', 'XFEV', 1, '2017-09-02', '2017-05-11', 0),
(210717, 'Rapsberry Sailing', '2017-07-17', 'ETE', 2, '2017-07-17', '2017-02-17', 0),
(210817, 'Jelly Bay', '2017-08-17', 'ETE', 3, '2017-12-17', '2017-01-17', 0),
(250217, 'Djezair Star', '2017-02-25', 'XFEV', 2, '2017-04-25', '2017-01-25', 0);

/*!40101 SET CHARACTER_SET_CLIENT=@OLD_CHARACTER_SET_CLIENT */;
/*!40101 SET CHARACTER_SET_RESULTS=@OLD_CHARACTER_SET_RESULTS */;
/*!40101 SET COLLATION_CONNECTION=@OLD_COLLATION_CONNECTION */;
